{"cameraMode":{"drawMode":0,"name":"Shaded","section":"Shading Mode"},"sceneLighting":true,"audioPlay":false,"sceneViewState":{"m_AlwaysRefresh":false,"showFog":true,"showSkybox":true,"showFlares":true,"showImageEffects":true,"showParticleSystems":true,"showVisualEffectGraphs":true,"m_FxEnabled":true},"in2DMode":false,"pivot":{"x":-0.09940195083618164,"y":2.393857002258301,"z":0.47708702087402346},"rotation":{"x":-0.18511025607585908,"y":-0.1767033338546753,"z":0.03385813161730766,"w":-0.9661091566085815},"size":7.644625663757324,"orthographic":false}